,model,seed,exp_id,digit,kind,question,answer,nl_question,nl_answer,nl_reasoning,nl_correct,nl_parse_err,nl_err_msg,code_question,code_answer,code_correct,code_parse_err,code_gen_err,code_err_msg,sim_question,sim_reasoning,sim_answer,sim_correct,sim_parse_err,sim_err_msg,controlsim_question,controlsim_reasoning,controlsim_answer,controlsim_correct,controlsim_parse_err,controlsim_err_msg
0,,0,,-1,,Compute: 27 + 27,109,"Description: You are going to be given a set of algorithmic problem.Question: Solve the following algorithmic problem: 
 Compute: 27 + 27YOU ARE NEVER ALLOWED TO USE CODE.FOLLOW THE FORMAT CAREFULLY. Here are the format instructions: The output should be formatted as a JSON instance that conforms to the JSON schema below.

As an example, for the schema {""properties"": {""foo"": {""title"": ""Foo"", ""description"": ""a list of strings"", ""type"": ""array"", ""items"": {""type"": ""string""}}}, ""required"": [""foo""]}
the object {""foo"": [""bar"", ""baz""]} is a well-formatted instance of the schema. The object {""properties"": {""foo"": [""bar"", ""baz""]}} is not well-formatted.

Here is the output schema:
```
{""properties"": {""Answer"": {""default"": """", ""description"": ""The answer to the algorithmic problem. Type: int. Example: 1 "", ""title"": ""Answer"", ""type"": ""string""}, ""simulation"": {""default"": """", ""description"": ""The attempt at simulating the problem in natural language reasoning to give the final answer."", ""title"": ""Simulation"", ""type"": ""string""}}}
```","```json
{""Answer"": ""54"", ""simulation"": ""27 + 27 = 54""}
```",27 + 27 = 54,0,False,ok,,,0,True,name 'solution' is not defined,"Invalid json output: 
For troubleshooting, visit: https://docs.langchain.com/oss/python/langchain/errors/OUTPUT_PARSING_FAILURE 
For troubleshooting, visit: https://docs.langchain.com/oss/python/langchain/errors/OUTPUT_PARSING_FAILURE 
For troubleshooting, visit: https://docs.langchain.com/oss/python/langchain/errors/OUTPUT_PARSING_FAILURE 
For troubleshooting, visit: https://docs.langchain.com/oss/python/langchain/errors/OUTPUT_PARSING_FAILURE ","Description: You are going to be given a set of algorithmic problem.Question: Solve the following algorithmic problem: 
 Compute: 27 + 27FOLLOW THE FORMAT CAREFULLY. Here are the format instructions: The output should be formatted as a JSON instance that conforms to the JSON schema below.

As an example, for the schema {""properties"": {""foo"": {""title"": ""Foo"", ""description"": ""a list of strings"", ""type"": ""array"", ""items"": {""type"": ""string""}}}, ""required"": [""foo""]}
the object {""foo"": [""bar"", ""baz""]} is a well-formatted instance of the schema. The object {""properties"": {""foo"": [""bar"", ""baz""]}} is not well-formatted.

Here is the output schema:
```
{""properties"": {""Answer"": {""default"": """", ""description"": ""The answer to the algorithmic problem. Type: int. Example: 1 "", ""title"": ""Answer"", ""type"": ""string""}, ""code"": {""default"": """", ""description"": ""The code block that specifies a function 'solution()' that defines all variables, imports and IMPLEMENTS the actual code to solve the problem that can be executed. You may use packages Pulp, Numpy, Pandas, Torch, Scipy. Begin and end code with ```python```. For example an INCORRECT way to solve the problem (Don't copy method, but only formatting) but is formatted correctly:       \n\n```python\ndef solution():\n    import numpy as np\n    variable = [0,1,2,3]\n    out = np.sum(variable) \n    return out\n```Here are the required types: def solution() -> int"", ""title"": ""Code"", ""type"": ""string""}, ""simulation"": {""default"": """", ""description"": ""The attempt at simulating the code in natural language reasoning to give the final answer."", ""title"": ""Simulation"", ""type"": ""string""}}}
```",,"```json
{""Answer"": ""54"",
 ""code"": """"""python
def solution():
    return 27 + 27
"""""",
 ""simulation"": ""The code defines a function called 'solution' that simply adds 27 to itself.  Therefore, the output is 54.""}
```",0,True,"Invalid json output: ```json
{""Answer"": ""54"",
 ""code"": """"""python
def solution():
    return 27 + 27
"""""",
 ""simulation"": ""The code defines a function called 'solution' that simply adds 27 to itself.  Therefore, the output is 54.""}
```
For troubleshooting, visit: https://docs.langchain.com/oss/python/langchain/errors/OUTPUT_PARSING_FAILURE 
For troubleshooting, visit: https://docs.langchain.com/oss/python/langchain/errors/OUTPUT_PARSING_FAILURE 
For troubleshooting, visit: https://docs.langchain.com/oss/python/langchain/errors/OUTPUT_PARSING_FAILURE 
For troubleshooting, visit: https://docs.langchain.com/oss/python/langchain/errors/OUTPUT_PARSING_FAILURE 
For troubleshooting, visit: https://docs.langchain.com/oss/python/langchain/errors/OUTPUT_PARSING_FAILURE ","Simulate the execution of the provided code:  
. ALL NECESSARY INFORMATION IS IN THE CODE PROVIDED FOLLOW THE FORMAT CAREFULLY. Here are the format instructions: The output should be formatted as a JSON instance that conforms to the JSON schema below.

As an example, for the schema {""properties"": {""foo"": {""title"": ""Foo"", ""description"": ""a list of strings"", ""type"": ""array"", ""items"": {""type"": ""string""}}}, ""required"": [""foo""]}
the object {""foo"": [""bar"", ""baz""]} is a well-formatted instance of the schema. The object {""properties"": {""foo"": [""bar"", ""baz""]}} is not well-formatted.

Here is the output schema:
```
{""properties"": {""Answer"": {""default"": """", ""description"": ""The answer to the algorithmic problem. Type: int. Example: 1 "", ""title"": ""Answer"", ""type"": ""string""}, ""simulation"": {""default"": """", ""description"": ""The attempt at simulating the code in natural language reasoning to give the final answer."", ""title"": ""Simulation"", ""type"": ""string""}}}
```",,"```python
def factorial(n):
  if n == 0:
    return 1
  else:
    return n * factorial(n-1)

n = 5
Answer = factorial(n)
simulation = f""The code calculates the factorial of {n}. It recursively calls itself with decreasing values of n until it reaches 0, at which point it returns 1. Then, it multiplies the result by each previous value of n to get the final factorial."" 
```

```json
{""Answer"": ""120"", ""simulation"": ""The code calculates the factorial of 5. It recursively calls itself with decreasing values of n until it reaches 0, at which point it returns 1. Then, it multiplies the result by each previous value of n to get the final factorial.""}
```",0,True,"Invalid json output: ```python
def factorial(n):
  if n == 0:
    return 1
  else:
    return n * factorial(n-1)

n = 5
Answer = factorial(n)
simulation = f""The code calculates the factorial of {n}. It recursively calls itself with decreasing values of n until it reaches 0, at which point it returns 1. Then, it multiplies the result by each previous value of n to get the final factorial."" 
```

```json
{""Answer"": ""120"", ""simulation"": ""The code calculates the factorial of 5. It recursively calls itself with decreasing values of n until it reaches 0, at which point it returns 1. Then, it multiplies the result by each previous value of n to get the final factorial.""}
```
For troubleshooting, visit: https://docs.langchain.com/oss/python/langchain/errors/OUTPUT_PARSING_FAILURE 
For troubleshooting, visit: https://docs.langchain.com/oss/python/langchain/errors/OUTPUT_PARSING_FAILURE 
For troubleshooting, visit: https://docs.langchain.com/oss/python/langchain/errors/OUTPUT_PARSING_FAILURE "
1,,0,,-1,,Compute: 20280945424027983511578674817759 + 20280945424027983511578674817759,91892852211830093699243355358082,"Description: You are going to be given a set of algorithmic problem.Question: Solve the following algorithmic problem: 
 Compute: 20280945424027983511578674817759 + 20280945424027983511578674817759YOU ARE NEVER ALLOWED TO USE CODE.FOLLOW THE FORMAT CAREFULLY. Here are the format instructions: The output should be formatted as a JSON instance that conforms to the JSON schema below.

As an example, for the schema {""properties"": {""foo"": {""title"": ""Foo"", ""description"": ""a list of strings"", ""type"": ""array"", ""items"": {""type"": ""string""}}}, ""required"": [""foo""]}
the object {""foo"": [""bar"", ""baz""]} is a well-formatted instance of the schema. The object {""properties"": {""foo"": [""bar"", ""baz""]}} is not well-formatted.

Here is the output schema:
```
{""properties"": {""Answer"": {""default"": """", ""description"": ""The answer to the algorithmic problem. Type: int. Example: 1 "", ""title"": ""Answer"", ""type"": ""string""}, ""simulation"": {""default"": """", ""description"": ""The attempt at simulating the problem in natural language reasoning to give the final answer."", ""title"": ""Simulation"", ""type"": ""string""}}}
```","```json
{""Answer"": ""40561890848055967023157349635518"", ""simulation"": ""We are adding two identical numbers: 20280945424027983511578674817759 + 20280945424027983511578674817759.  The result is simply twice the value of that number.""}
``` 
",We are adding two identical numbers: 20280945424027983511578674817759 + 20280945424027983511578674817759.  The result is simply twice the value of that number.,0,False,ok,,,0,True,name 'solution' is not defined,"Invalid json output: 
For troubleshooting, visit: https://docs.langchain.com/oss/python/langchain/errors/OUTPUT_PARSING_FAILURE 
For troubleshooting, visit: https://docs.langchain.com/oss/python/langchain/errors/OUTPUT_PARSING_FAILURE 
For troubleshooting, visit: https://docs.langchain.com/oss/python/langchain/errors/OUTPUT_PARSING_FAILURE 
For troubleshooting, visit: https://docs.langchain.com/oss/python/langchain/errors/OUTPUT_PARSING_FAILURE ","Description: You are going to be given a set of algorithmic problem.Question: Solve the following algorithmic problem: 
 Compute: 20280945424027983511578674817759 + 20280945424027983511578674817759FOLLOW THE FORMAT CAREFULLY. Here are the format instructions: The output should be formatted as a JSON instance that conforms to the JSON schema below.

As an example, for the schema {""properties"": {""foo"": {""title"": ""Foo"", ""description"": ""a list of strings"", ""type"": ""array"", ""items"": {""type"": ""string""}}}, ""required"": [""foo""]}
the object {""foo"": [""bar"", ""baz""]} is a well-formatted instance of the schema. The object {""properties"": {""foo"": [""bar"", ""baz""]}} is not well-formatted.

Here is the output schema:
```
{""properties"": {""Answer"": {""default"": """", ""description"": ""The answer to the algorithmic problem. Type: int. Example: 1 "", ""title"": ""Answer"", ""type"": ""string""}, ""code"": {""default"": """", ""description"": ""The code block that specifies a function 'solution()' that defines all variables, imports and IMPLEMENTS the actual code to solve the problem that can be executed. You may use packages Pulp, Numpy, Pandas, Torch, Scipy. Begin and end code with ```python```. For example an INCORRECT way to solve the problem (Don't copy method, but only formatting) but is formatted correctly:       \n\n```python\ndef solution():\n    import numpy as np\n    variable = [0,1,2,3]\n    out = np.sum(variable) \n    return out\n```Here are the required types: def solution() -> int"", ""title"": ""Code"", ""type"": ""string""}, ""simulation"": {""default"": """", ""description"": ""The attempt at simulating the code in natural language reasoning to give the final answer."", ""title"": ""Simulation"", ""type"": ""string""}}}
```",,"```json
{""Answer"": ""40561890848055967023157349635518"",
 ""code"": """"""python
def solution():
    return 20280945424027983511578674817759 + 20280945424027983511578674817759
"""""",
 ""simulation"": ""The code simply adds two identical large numbers together.  The result is 40561890848055967023157349635518.""}
```",0,True,"Invalid json output: ```json
{""Answer"": ""40561890848055967023157349635518"",
 ""code"": """"""python
def solution():
    return 20280945424027983511578674817759 + 20280945424027983511578674817759
"""""",
 ""simulation"": ""The code simply adds two identical large numbers together.  The result is 40561890848055967023157349635518.""}
```
For troubleshooting, visit: https://docs.langchain.com/oss/python/langchain/errors/OUTPUT_PARSING_FAILURE 
For troubleshooting, visit: https://docs.langchain.com/oss/python/langchain/errors/OUTPUT_PARSING_FAILURE 
For troubleshooting, visit: https://docs.langchain.com/oss/python/langchain/errors/OUTPUT_PARSING_FAILURE 
For troubleshooting, visit: https://docs.langchain.com/oss/python/langchain/errors/OUTPUT_PARSING_FAILURE 
For troubleshooting, visit: https://docs.langchain.com/oss/python/langchain/errors/OUTPUT_PARSING_FAILURE ","Simulate the execution of the provided code:  
. ALL NECESSARY INFORMATION IS IN THE CODE PROVIDED FOLLOW THE FORMAT CAREFULLY. Here are the format instructions: The output should be formatted as a JSON instance that conforms to the JSON schema below.

As an example, for the schema {""properties"": {""foo"": {""title"": ""Foo"", ""description"": ""a list of strings"", ""type"": ""array"", ""items"": {""type"": ""string""}}}, ""required"": [""foo""]}
the object {""foo"": [""bar"", ""baz""]} is a well-formatted instance of the schema. The object {""properties"": {""foo"": [""bar"", ""baz""]}} is not well-formatted.

Here is the output schema:
```
{""properties"": {""Answer"": {""default"": """", ""description"": ""The answer to the algorithmic problem. Type: int. Example: 1 "", ""title"": ""Answer"", ""type"": ""string""}, ""simulation"": {""default"": """", ""description"": ""The attempt at simulating the code in natural language reasoning to give the final answer."", ""title"": ""Simulation"", ""type"": ""string""}}}
```",,"```python
def factorial(n):
  if n == 0:
    return 1
  else:
    return n * factorial(n-1)

n = 5
Answer = factorial(n)
simulation = f""The code calculates the factorial of {n}. It recursively calls itself with decreasing values of n until it reaches 0, at which point it returns 1. Then, it multiplies the result by each previous value of n to get the final factorial."" 
```

```json
{""Answer"": ""120"", ""simulation"": ""The code calculates the factorial of 5. It recursively calls itself with decreasing values of n until it reaches 0, at which point it returns 1. Then, it multiplies the result by each previous value of n to get the final factorial.""}
```",0,True,"Invalid json output: ```python
def factorial(n):
  if n == 0:
    return 1
  else:
    return n * factorial(n-1)

n = 5
Answer = factorial(n)
simulation = f""The code calculates the factorial of {n}. It recursively calls itself with decreasing values of n until it reaches 0, at which point it returns 1. Then, it multiplies the result by each previous value of n to get the final factorial."" 
```

```json
{""Answer"": ""120"", ""simulation"": ""The code calculates the factorial of 5. It recursively calls itself with decreasing values of n until it reaches 0, at which point it returns 1. Then, it multiplies the result by each previous value of n to get the final factorial.""}
```
For troubleshooting, visit: https://docs.langchain.com/oss/python/langchain/errors/OUTPUT_PARSING_FAILURE 
For troubleshooting, visit: https://docs.langchain.com/oss/python/langchain/errors/OUTPUT_PARSING_FAILURE 
For troubleshooting, visit: https://docs.langchain.com/oss/python/langchain/errors/OUTPUT_PARSING_FAILURE "
